"","sensor_index","pm2.5_cf_1_a","latitude","longitude"
"1",100025,8.589,34.170567,-118.11396
"2",100025,8.589,34.170567,-118.11396
"3",100555,3.316,33.957664,-118.44063
"4",106394,8.48,33.82732,-118.17597
"5",109166,5.169,33.83465,-117.968254
"6",126047,1.185,34.23736,-118.55186
"7",127191,1.409,34.05181,-118.64267
"8",33299,4.112,33.639633,-117.84985
"9",39327,8.946,34.146706,-118.35982
"10",61563,1.006,34.026253,-118.43484
"11",61565,7.581,34.026264,-118.43475
"12",63387,14.204,34.237225,-118.264435
"13",63535,8.959,33.324787,-117.24364
"14",64419,4.893,33.546986,-117.75585
"15",73717,5.689,33.810402,-118.380646
"16",74003,2.958,34.241467,-118.23594
"17",74693,2.162,34.020546,-118.36164
"18",75071,1.731,34.05852,-118.35763
"19",75145,1.205,34.2269,-118.25308
"20",75193,29.662,33.64843,-117.756516
"21",75375,2.888,34.0747,-118.4293
"22",75453,15.345,33.82754,-118.19693
"23",75703,3.608,33.903862,-118.05405
"24",75839,8.975,34.086636,-118.38499
"25",76203,2.359,33.958443,-118.449165
"26",76295,5.483,34.138287,-118.12733
"27",77543,69.869,34.151833,-118.16135
"28",77657,9.459,34.058422,-118.357635
"29",77863,6.606,33.618958,-117.93421
"30",78091,8.97,34.112766,-118.46301
"31",78139,4.42,34.13935,-118.12343
"32",78373,5.717,34.1246,-118.37174
"33",78587,69.202,34.103516,-118.14624
"34",78635,76.719,34.118977,-118.21224
"35",78637,39.608,33.903923,-118.05344
"36",78849,1.881,33.812164,-118.020386
"37",78917,1.471,34.277843,-118.73322
"38",78997,1.727,34.0314,-117.155
"39",79335,1.047,34.224792,-118.05709
"40",79577,3.25,33.959095,-118.44429
"41",79617,5.366,34.03569,-118.84359
"42",79715,11.296,34.115955,-118.630936
"43",79897,4.177,34.147762,-118.564156
"44",79953,40.13,34.132217,-118.13837
"45",80033,10.454,34.152534,-118.38098
"46",80069,31.145,34.133114,-118.23514
"47",80213,2.383,34.157894,-117.991875
"48",80357,13.88,34.296574,-118.84804
"49",80455,39.68,34.215965,-118.24435
"50",80507,4.468,34.09952,-118.32564
"51",80731,22.279,33.815845,-117.81762
"52",80807,33.678,34.162037,-118.16978
"53",80859,4.645,33.877094,-118.3758
"54",82271,85.347,34.161163,-118.14415
"55",86185,16.447,34.099808,-118.266624
"56",86559,14.747,33.75025,-118.29792
"57",86933,30.874,34.0736,-118.20003
"58",86951,10.182,33.952484,-117.94851
"59",86987,3.253,34.224415,-118.05706
"60",86999,11.232,33.86671,-118.37983
"61",87011,7.78,34.140347,-118.41234
"62",87127,1.851,33.32479,-117.24321
"63",87129,14.024,33.970142,-118.37188
"64",87455,18.707,34.14486,-117.99409
"65",87567,5.903,34.030655,-118.505875
"66",87791,5.377,34.046158,-118.49772
"67",90115,16.003,34.202305,-118.173416
"68",90225,6.492,34.01469,-118.471275
"69",90609,21.366,34.11574,-117.17226
"70",91511,13.276,33.765705,-118.40046
"71",91969,62.965,34.099785,-118.14243
"72",100715,32.23,34.10719,-118.20404
"73",101081,14.604,34.06933,-117.74944
"74",101629,17.506,33.865692,-117.9559
"75",102032,39.962,34.170277,-118.1603
"76",102180,13.597,34.048347,-117.1459
"77",103208,2.495,33.710415,-117.8029
"78",103230,6.84,34.05532,-117.299995
"79",104380,3.89,33.601215,-117.86143
"80",104894,5.543,33.457172,-117.615524
"81",104900,23.373,33.880463,-117.83656
"82",104908,4.046,34.05121,-118.456215
"83",104916,6.88,33.703217,-117.77359
"84",104926,9.806,33.6773,-117.99817
"85",104932,3.474,34.021046,-117.067764
"86",104940,73.572,33.859707,-118.20066
"87",104942,2.733,33.94999,-117.696945
"88",107072,1.024,34.22869,-118.50142
"89",107364,8.384,34.00333,-118.05477
"90",108340,8.878,33.96232,-118.3794
"91",108792,8.297,33.81963,-117.984146
"92",109168,10.959,33.826466,-118.003494
"93",109378,22.968,33.82487,-118.05752
"94",109382,5.282,33.84225,-118.03855
"95",109394,3.28,33.816063,-117.971794
"96",109616,46.974,33.919846,-118.42096
"97",109624,73.336,33.855965,-118.28898
"98",110280,4.409,33.524773,-117.327614
"99",111806,7.405,33.236584,-117.29305
"100",111864,13.713,33.75676,-118.318115
"101",1128,91.184,34.06846,-118.20639
"102",113320,3.176,34.116047,-118.36865
"103",113692,1.006,33.641273,-117.96145
"104",114125,16.903,34.172302,-118.65884
"105",114261,5.265,33.998367,-118.42058
"106",114819,1.936,34.025303,-118.502396
"107",115681,1.282,34.036777,-118.70936
"108",117815,17.776,33.583714,-117.68478
"109",118579,1.026,34.040073,-118.50705
"110",118777,55.106,33.88703,-118.37777
"111",118883,6.724,34.232746,-118.56747
"112",118887,35.715,34.233128,-118.56809
"113",119027,8.505,34.192627,-118.5214
"114",120029,3.642,33.997654,-118.4197
"115",120087,3.816,33.94231,-117.56267
"116",120097,28.117,34.163784,-118.24662
"117",121071,19.066,33.707977,-118.03212
"118",121077,9.807,34.105663,-117.78305
"119",121123,30.613,34.120403,-118.26612
"120",121251,25.689,33.993366,-117.95999
"121",121459,4.052,34.241432,-118.247505
"122",122325,12.277,34.161453,-118.12332
"123",122949,2.163,33.978977,-118.40048
"124",124135,4.139,34.190716,-118.79512
"125",124627,4.531,34.005493,-118.42474
"126",124853,6.253,34.040905,-118.49359
"127",124961,22.975,34.08,-118.272934
"128",125031,4.694,34.112953,-118.32981
"129",125585,8.852,33.909325,-118.373055
"130",125871,4.739,34.035244,-118.48587
"131",125891,13.299,34.17919,-118.09023
"132",125921,4.112,33.523205,-117.7107
"133",125923,5.738,33.526543,-117.70378
"134",125941,20.96,34.231464,-118.23301
"135",126057,6.478,33.81126,-118.38749
"136",126485,25.432,33.688572,-117.78431
"137",1266,7.622,33.86301,-118.38896
"138",126671,93.99,33.989483,-118.26763
"139",128245,3.16,33.696487,-117.80317
"140",128319,3.39,34.006435,-118.48687
"141",131075,2.111,33.51511,-117.67972
"142",132137,8.056,33.71045,-117.79303
"143",133588,20.5,33.833347,-118.17288
"144",134356,41.529,34.259163,-119.270134
"145",135088,1.498,33.694984,-117.73355
"146",136658,25.172,33.9586,-118.44202
"147",139716,18.419,34.173416,-118.33745
"148",139718,5.45,34.173367,-118.337654
"149",1517,20.757,34.059803,-118.286224
"150",16455,3.143,34.224358,-118.211716
"151",1680,15.785,34.09655,-117.97032
"152",17247,1.336,33.699135,-117.990204
"153",17583,12.835,33.8766,-117.90676
"154",17793,8.596,34.10424,-118.3317
"155",17857,8.703,34.08064,-118.63482
"156",17933,1.714,33.68387,-118.02251
"157",1796,1.056,33.602165,-117.90209
"158",1816,56.331,33.763767,-118.14565
"159",18329,37.388,34.200146,-118.197235
"160",1846,5.701,34.094692,-118.34805
"161",1848,18.175,34.141758,-118.060745
"162",1852,12.883,34.021534,-117.90991
"163",1854,48.056,33.999504,-117.41602
"164",1876,6.715,34.01826,-118.460205
"165",18849,7.825,33.880737,-118.38882
"166",1914,28.03,33.773087,-118.081055
"167",1922,31.067,33.77324,-118.085175
"168",19289,5.835,33.994324,-118.46365
"169",19365,15.146,33.71831,-118.05304
"170",19525,16.134,34.22092,-119.01086
"171",19655,3.071,34.196938,-118.818245
"172",19991,5.883,34.036663,-118.709435
"173",2018,25.139,33.762363,-118.09173
"174",2020,16.769,33.762314,-118.08269
"175",2025,20.382,33.766132,-118.083176
"176",20700,6.655,34.157288,-118.38509
"177",20704,24.698,34.105556,-118.21524
"178",20819,16.844,34.007793,-118.79461
"179",21293,44.567,34.134205,-118.1651
"180",21303,5.787,34.084064,-118.33992
"181",21315,36.099,34.122776,-118.1887
"182",2167,23.158,33.999977,-117.41676
"183",2169,29.314,33.770245,-118.090096
"184",22567,7.522,33.963295,-118.45176
"185",22675,6.869,34.026974,-118.387085
"186",22691,36.948,34.075665,-118.14866
"187",2303,18.837,33.761993,-118.08767
"188",2307,25.068,33.76539,-118.0782
"189",23089,29.868,34.18797,-118.17923
"190",23181,14.425,34.240025,-118.24872
"191",23241,42.786,34.080685,-118.128105
"192",2325,30.992,33.999977,-117.41676
"193",23263,52.71,34.08767,-118.12897
"194",23295,65.296,34.068943,-118.15808
"195",23347,31.697,34.07223,-118.10899
"196",2336,25.335,33.769814,-118.08469
"197",23429,44.585,34.07705,-118.15674
"198",2346,48.572,33.999977,-117.41676
"199",2348,20.203,33.76881,-118.07858
"200",2356,20.072,33.75989,-118.08929
"201",2372,27.949,33.777668,-118.091995
"202",2380,23.279,33.76555,-118.07864
"203",23945,22.102,33.757526,-118.29447
"204",23963,6.742,34.034103,-118.51798
"205",24021,74.185,33.824715,-118.2682
"206",24039,65.995,34.26145,-119.25417
"207",2430,45.074,33.7792,-118.0441
"208",24709,15.282,34.167004,-118.03768
"209",2504,44.289,34.064915,-118.03349
"210",25639,2.361,33.634064,-117.79937
"211",25713,18.788,34.13743,-118.07092
"212",25837,11.198,33.802116,-118.3525
"213",25851,3.309,33.753635,-117.85664
"214",26033,10.88,33.713737,-117.86316
"215",26055,11.732,33.969185,-117.59724
"216",26107,19.063,34.038673,-118.64663
"217",2612,28.008,33.999516,-117.41595
"218",26127,10.695,33.733704,-117.42946
"219",26149,2.687,34.029346,-118.82416
"220",26317,8.232,33.730015,-117.79443
"221",26323,27.667,34.28899,-119.30631
"222",26431,36.069,34.2713,-119.24626
"223",26479,34.189,34.14562,-118.46077
"224",26487,9.668,34.015594,-117.74822
"225",2649,7.735,34.294777,-118.57907
"226",26505,16.838,34.222137,-118.23248
"227",26521,5.479,33.728676,-117.85469
"228",26599,17.754,34.277157,-119.21536
"229",26809,2.208,34.188713,-118.17959
"230",26841,6.261,34.188473,-118.179634
"231",2693,45.008,34.054504,-118.01136
"232",27075,7.909,33.749172,-117.86334
"233",27089,5.806,33.731037,-117.85478
"234",27099,19.162,33.980984,-118.340454
"235",2710,5.425,34.1804,-118.89463
"236",27109,18.75,34.16477,-118.59115
"237",27113,52.403,34.012215,-118.10093
"238",2713,23.236,34.071632,-118.03126
"239",27397,12.85,34.278088,-119.26812
"240",27403,19.32,34.298264,-119.29871
"241",27429,18.794,34.156155,-118.000656
"242",2749,44.832,34.174786,-118.12699
"243",28189,1.28,33.989574,-118.43419
"244",28253,3.883,33.75435,-118.008965
"245",28311,16.165,33.971275,-117.72423
"246",2835,10.151,33.494915,-117.68442
"247",28457,29.88,33.98995,-118.17809
"248",28503,12.278,33.788963,-118.33263
"249",28515,19.643,34.13388,-118.0182
"250",28529,57.026,33.777233,-118.243095
"251",28551,6.408,33.718018,-117.42528
"252",28561,6.609,33.671295,-117.673256
"253",28593,14.981,33.723564,-117.8626
"254",28603,20.543,33.943367,-117.40836
"255",28935,5.009,33.639362,-117.87932
"256",28973,21.868,33.94305,-117.99817
"257",29181,15.413,34.037033,-117.36534
"258",29193,2.235,33.63648,-117.828476
"259",29197,3.688,34.185204,-118.8381
"260",29201,23.971,34.041237,-118.23559
"261",29215,11.146,34.072166,-117.749626
"262",29229,15.52,34.114777,-117.74776
"263",29265,14.175,34.240105,-118.64297
"264",29295,31.885,34.13873,-118.260796
"265",29697,2.628,34.23818,-118.528336
"266",30057,7.358,34.10591,-118.317
"267",30391,16.809,33.723373,-118.29684
"268",31399,63.737,34.085285,-117.9609
"269",31511,5.761,34.11631,-117.27381
"270",31533,57.383,33.772484,-118.19539
"271",32339,62.283,34.116642,-118.22908
"272",32599,8.854,34.01707,-118.46499
"273",32961,12.788,33.963356,-118.406586
"274",32969,8.358,34.122124,-118.36022
"275",33005,27.002,34.093456,-117.70546
"276",33235,77.018,33.835808,-118.17562
"277",33247,3.171,33.648296,-117.840996
"278",33621,1.077,34.067856,-118.129295
"279",33855,35.354,34.067482,-118.1384
"280",34461,10.625,33.981903,-118.37517
"281",34481,7.359,33.971844,-118.42094
"282",34495,7.973,33.995514,-118.39796
"283",34517,6.489,34.129498,-118.486015
"284",34653,10.666,34.03891,-118.482315
"285",3487,18.793,34.05437,-118.11611
"286",34873,35.938,34.107765,-118.2163
"287",34877,6.536,34.095253,-118.40884
"288",35005,20.303,34.16927,-118.06915
"289",35027,7.228,34.055313,-118.4213
"290",3537,24.232,33.999382,-117.41601
"291",3586,24.541,33.93592,-118.143265
"292",36115,6.669,34.036472,-118.47561
"293",36143,5.685,34.067047,-118.46885
"294",36359,6.168,34.06109,-118.47584
"295",36537,5.39,34.02837,-118.46067
"296",36575,7.698,33.961536,-118.409134
"297",36587,36.096,34.200916,-118.3237
"298",36717,10.392,34.020527,-118.36168
"299",37043,8.184,34.0123,-118.39391
"300",37193,78.294,33.824867,-118.197
"301",37217,7.248,34.040783,-118.402084
"302",37377,13.25,33.878815,-117.90942
"303",37551,7.245,34.280663,-118.471855
"304",37611,52.335,34.157497,-118.27681
"305",37683,9.871,33.661453,-117.83006
"306",3779,9.745,33.872246,-118.341064
"307",37885,7.375,34.026787,-118.421555
"308",38383,6.493,34.112103,-118.66069
"309",38399,8.047,34.066563,-118.365456
"310",38437,50.341,34.11689,-118.19422
"311",38649,53.504,34.114075,-118.21108
"312",39481,5.719,34.162205,-119.04565
"313",40209,14.387,34.169468,-118.97821
"314",40449,5.801,34.036194,-118.459694
"315",40549,1.615,34.16969,-118.97849
"316",4058,50.963,34.10724,-118.15044
"317",40629,2.477,34.068043,-118.12962
"318",40639,21.836,33.86117,-117.96228
"319",40721,9.871,33.86297,-118.3418
"320",40725,17.67,33.802864,-118.31005
"321",40735,10.317,33.83577,-118.34111
"322",40739,9.927,33.82449,-118.348
"323",40767,13.247,33.83278,-118.326126
"324",40771,2.239,33.88965,-118.413376
"325",40787,10.755,33.83912,-118.32956
"326",40821,10.045,33.861107,-118.33463
"327",40843,6.064,34.032215,-117.17222
"328",41053,28.785,34.005733,-118.47914
"329",4109,27.303,34.20454,-118.22038
"330",41253,15.306,33.826054,-118.197136
"331",417,12.012,33.716675,-118.309906
"332",42041,7.283,33.23373,-117.118904
"333",42081,14.561,34.03872,-118.41668
"334",42251,8.119,34.14062,-118.41295
"335",42637,23.608,33.89912,-118.29489
"336",43019,9.4,34.023296,-118.380745
"337",4305,6.173,33.782753,-117.358826
"338",43413,14.905,34.139664,-117.514435
"339",4399,18.945,34.177155,-118.10009
"340",4417,15.841,33.70755,-118.291084
"341",44563,13.12,34.10921,-117.63466
"342",44571,31.923,34.085903,-117.30495
"343",4571,7.516,33.865505,-118.396164
"344",4588,6.959,33.61385,-117.63171
"345",4666,9.639,33.950623,-117.309296
"346",4670,14.04,34.054523,-118.15437
"347",46937,11.587,34.12422,-117.74908
"348",46941,23.121,34.208473,-118.20167
"349",46943,12.553,33.812927,-118.376564
"350",4708,8.3,33.94623,-117.30939
"351",4714,11.171,33.94189,-117.3111
"352",4748,28.876,33.999516,-117.41593
"353",47959,1.512,33.767105,-118.19896
"354",48063,13.791,34.11647,-117.65813
"355",48397,9.978,34.146645,-118.37487
"356",489,66.184,33.79555,-118.26094
"357",49011,5.664,34.03324,-118.69199
"358",49237,9.651,33.368134,-117.20588
"359",49239,22.948,34.13042,-118.08408
"360",49249,4.426,34.02253,-117.13088
"361",49327,18.819,34.104347,-118.271454
"362",49383,2.003,34.10431,-118.27134
"363",49479,3.234,33.83836,-118.10485
"364",49521,3.509,34.194077,-118.656906
"365",49717,1.647,33.79331,-118.38516
"366",4974,1.945,33.601303,-117.8082
"367",49919,5.09,34.231415,-118.81111
"368",49925,16.276,34.21448,-118.999374
"369",49931,31.281,34.146847,-119.18945
"370",49943,11.315,34.2171,-119.21421
"371",49947,49.049,34.16252,-119.17127
"372",49969,22.71,34.258545,-118.99781
"373",49975,9.138,34.2617,-119.09457
"374",49983,63.052,34.15984,-119.18229
"375",49985,25.192,34.170048,-119.193504
"376",50093,11.569,34.280293,-119.189415
"377",5016,69.759,33.85964,-118.200714
"378",5061,2.32,33.865353,-118.39551
"379",50789,5.22,34.095222,-118.343155
"380",51111,3.837,34.21933,-118.83298
"381",51129,8.996,34.182343,-118.851074
"382",51135,33.596,34.157986,-118.953415
"383",51195,16.027,34.216152,-118.8937
"384",51211,32.877,34.18459,-118.952065
"385",51215,6.641,34.19919,-118.853035
"386",51223,4.395,34.17182,-118.76476
"387",51323,8.148,33.994316,-118.47991
"388",51371,9.056,33.646114,-117.95861
"389",51373,16.856,34.237778,-119.02065
"390",51449,2.16,34.098125,-117.64664
"391",51455,7.847,34.295635,-118.71204
"392",51515,14.642,34.23201,-118.99979
"393",51519,20.819,34.227413,-119.068954
"394",51551,22.825,34.264187,-118.77393
"395",51565,3.902,34.256332,-118.754616
"396",51571,13.064,34.212307,-119.02193
"397",51575,21.962,34.27373,-118.79522
"398",51577,15.7,34.24206,-119.04661
"399",51581,4.256,34.179497,-118.776436
"400",51679,5.764,34.24371,-118.879715
"401",51681,5.934,34.217396,-118.85791
"402",51683,9.74,34.269867,-118.73808
"403",51957,6.515,34.28453,-119.159515
"404",51977,13.082,34.265472,-118.786736
"405",51989,7.582,34.27992,-118.71339
"406",52019,9.954,34.284245,-118.79961
"407",52029,14.986,34.255333,-119.207
"408",52071,42.497,34.01001,-118.06955
"409",52081,84.966,34.041958,-117.01609
"410",52129,12.148,34.04229,-117.01605
"411",5218,29.695,34.074867,-118.14354
"412",5222,56.529,34.10024,-118.13673
"413",52277,30.198,33.92477,-117.95257
"414",5280,33.414,33.99946,-117.41594
"415",5284,23.475,33.99945,-117.41591
"416",52961,10.675,34.039486,-117.22263
"417",53043,10.437,33.98761,-118.445946
"418",53825,19.498,34.136917,-118.12625
"419",54047,11.746,34.04251,-117.75832
"420",54073,4.732,33.648235,-117.936
"421",54647,32.965,33.945774,-118.00542
"422",54689,72.49,33.89789,-118.1891
"423",547,49.98,34.065666,-118.02129
"424",54793,54.621,33.791676,-118.16113
"425",54809,17.833,34.198692,-118.20378
"426",54959,33.084,33.86606,-117.60392
"427",54975,62.967,33.86557,-118.17351
"428",54981,32.418,33.8436,-118.099106
"429",54985,83.377,33.840622,-118.16097
"430",54991,47.995,34.184517,-118.1344
"431",55141,1.176,33.976906,-118.03043
"432",55251,11.083,33.976788,-118.03014
"433",55351,19.593,34.10075,-118.17341
"434",55473,9.831,33.92776,-117.66165
"435",55477,10.558,33.78108,-118.394905
"436",5574,64.443,33.813465,-118.195885
"437",55881,1.302,34.052505,-118.262
"438",55899,4.143,33.836697,-118.38052
"439",55923,11.202,34.26589,-118.41869
"440",55955,33.405,34.23733,-118.55244
"441",56047,39.236,33.838673,-118.29809
"442",56073,16.735,34.262386,-118.4272
"443",56109,27.81,34.143806,-118.21793
"444",56119,11.479,34.27685,-118.41315
"445",56141,8.726,34.273697,-118.411705
"446",56207,9.544,34.265656,-118.43358
"447",56239,9.911,34.008266,-118.43928
"448",56457,10.25,33.649162,-117.67022
"449",56591,24.607,34.19031,-118.11096
"450",56899,2.699,34.038166,-118.40097
"451",57513,8.353,33.870506,-118.31335
"452",57517,68.058,33.781532,-118.213715
"453",5804,8.524,33.987106,-118.45132
"454",5810,6.347,34.03836,-118.51824
"455",583,42.552,34.089146,-118.22643
"456",5844,6.464,34.01726,-118.480606
"457",60479,53.212,34.106876,-118.152435
"458",60797,6.283,34.022175,-117.119576
"459",61015,8.243,33.973427,-118.45821
"460",61257,4.891,34.05617,-118.14269
"461",6162,12.998,33.8681,-118.34815
"462",6178,75.346,33.83253,-118.18794
"463",6214,17.042,33.861294,-117.95829
"464",6244,9.759,33.907906,-118.372604
"465",63395,38.605,34.1361,-118.22363
"466",6450,11.169,34.081703,-118.3675
"467",6458,24.055,34.17129,-118.17784
"468",64617,2.707,34.15067,-118.519806
"469",6472,48.804,34.111187,-118.21065
"470",64765,4.571,34.275894,-118.318
"471",6736,19.178,34.15206,-117.93399
"472",6806,34.42,33.999584,-117.41621
"473",6836,78.695,33.935528,-118.16851
"474",6852,22.013,34.199387,-118.17296
"475",6886,81.207,33.901363,-118.205055
"476",6908,23.972,34.123253,-118.175735
"477",6912,38.422,33.99948,-117.41627
"478",69201,22.699,34.142437,-117.84944
"479",69409,14.849,34.052208,-118.26123
"480",69411,3.6,34.031128,-118.388916
"481",69773,35.606,34.079445,-118.11298
"482",70599,1.76,34.28686,-119.19635
"483",70793,9.107,34.009174,-118.40904
"484",71353,93.029,34.086723,-118.38495
"485",71409,4.114,34.191765,-118.125946
"486",71451,3.303,34.077316,-118.94425
"487",71813,5.379,34.273727,-118.305725
"488",71975,2.401,34.110447,-118.31489
"489",72337,8.245,33.541534,-117.72325
"490",72459,50.486,34.089813,-118.102165
"491",72541,7.839,33.99846,-118.47709
"492",7272,13.389,33.786015,-118.37841
"493",7290,10.247,34.180466,-118.41769
"494",72999,3.628,34.17978,-118.28049
"495",73135,6.027,34.040134,-118.41064
"496",73229,6.291,34.254223,-118.34204
"497",73871,1.667,33.660496,-117.890854
"498",74069,52.91,34.101658,-118.246605
"499",7456,8.752,34.22506,-119.084625
"500",7460,5.861,33.879257,-117.88583
"501",75449,3.875,34.001537,-118.45701
"502",75883,6.413,34.07691,-118.48057
"503",76313,4.702,34.141197,-118.11191
"504",76321,1.456,34.025208,-118.48857
"505",76465,60.263,33.817127,-118.0781
"506",76469,31.082,34.135612,-118.140015
"507",76503,15.405,34.21728,-118.210754
"508",76511,9.175,33.76684,-118.3816
"509",76531,3.606,34.045063,-118.50814
"510",76575,13.375,34.188347,-118.95974
"511",76759,21.666,34.08747,-118.202
"512",76823,3.497,34.293034,-119.20321
"513",76833,10.716,33.59573,-117.88571
"514",77049,10.559,34.11671,-117.71153
"515",77077,7.91,34.08819,-118.59606
"516",77079,1.261,33.572083,-117.578156
"517",77095,2.674,33.96765,-118.41571
"518",78119,10.405,33.825012,-118.38138
"519",78521,3.154,34.202034,-118.159355
"520",78605,75.107,34.112587,-118.1534
"521",78733,13.369,33.849144,-118.37313
"522",78769,5.735,33.942833,-117.674904
"523",80411,6.09,33.4839,-117.36913
"524",80657,44.034,33.812214,-118.020454
"525",80773,4.405,34.044704,-118.49279
"526",81065,47.454,33.818794,-118.12335
"527",81219,7,34.24554,-118.50561
"528",81333,19.736,34.11329,-117.728096
"529",81347,18.471,34.251,-117.18134
"530",81543,13.177,33.53814,-117.5998
"531",81731,4.291,34.119446,-118.31143
"532",81863,16.523,34.15652,-117.987816
"533",81965,22.8,34.185333,-118.106705
"534",82053,14.397,34.142483,-118.00204
"535",82311,7.059,34.216087,-118.2438
"536",82349,18.686,34.15787,-117.59555
"537",82385,11.034,33.966743,-118.41536
"538",82437,13.817,34.133064,-118.70985
"539",82453,14.981,34.22152,-119.17218
"540",82483,12.614,33.769917,-117.817894
"541",82499,3.002,34.2457,-118.223946
"542",82541,3.538,33.67729,-118.023155
"543",82549,13.473,33.76817,-118.15491
"544",82569,32.359,34.14972,-118.216835
"545",82609,9.167,34.135338,-118.50378
"546",82731,1.981,33.813015,-118.37645
"547",82755,7.418,33.74202,-117.44635
"548",82917,21.816,33.458466,-117.66664
"549",83011,15.546,34.16229,-118.69748
"550",83041,31.753,34.179882,-118.17776
"551",83051,4.462,34.059498,-118.610344
"552",83081,10.52,34.142887,-118.61397
"553",83089,6.75,34.075016,-118.3376
"554",83117,4.066,34.194973,-118.113556
"555",83173,6.492,34.157257,-118.78595
"556",83211,6.879,33.545757,-117.78801
"557",83227,11.741,33.777584,-118.36014
"558",83311,30.435,34.194347,-118.11403
"559",83417,15.957,34.168556,-118.03021
"560",83465,6.357,34.06741,-118.46436
"561",83603,10.777,33.742966,-117.819176
"562",83647,53.505,34.122124,-118.153534
"563",83727,28.584,34.179607,-118.28067
"564",83747,10.735,33.7237,-117.82643
"565",83895,27.697,34.102646,-118.222694
"566",84069,12.154,34.14787,-118.56422
"567",84075,16.167,34.151688,-117.66096
"568",84093,22.325,34.157837,-118.0621
"569",84101,9.983,34.07158,-118.55788
"570",84107,42.948,33.790733,-118.103004
"571",84137,6.19,34.06528,-118.436424
"572",84177,2.45,34.190872,-118.75315
"573",84313,1.449,34.11403,-118.77404
"574",84319,10.67,33.746918,-118.331535
"575",84323,37.656,34.18091,-118.647896
"576",84335,11.376,33.876095,-118.36251
"577",84439,6.89,34.017452,-118.436905
"578",8444,4.452,33.953423,-117.696915
"579",84755,4.332,34.088524,-118.595566
"580",84949,6.117,33.679512,-117.82306
"581",85007,15.908,34.147575,-117.69554
"582",85069,18.45,33.593903,-117.719505
"583",85253,22.899,34.15546,-118.0743
"584",85359,11.392,34.121635,-118.32282
"585",85373,30.651,34.17278,-118.22332
"586",85431,5.986,33.722904,-118.31272
"587",85471,7.171,34.24147,-118.236046
"588",85559,37.68,34.084427,-118.6924
"589",85621,17.041,33.859295,-118.3872
"590",85645,5.313,34.26045,-118.33701
"591",85743,18.677,34.248375,-117.18275
"592",85791,3.313,33.601517,-117.86439
"593",85829,24.235,34.182762,-118.19539
"594",85843,2.691,33.635567,-117.798004
"595",85985,16.849,34.147858,-118.45907
"596",86071,62.604,34.1195,-118.22425
"597",8614,1.56,34.0514,-118.44521
"598",86193,15.335,33.902687,-118.36725
"599",86313,6.045,34.144264,-118.81384
"600",86339,43.154,34.09004,-118.18284
"601",86367,17.715,34.15931,-118.05542
"602",86405,17.106,34.12855,-118.16819
"603",86415,2.303,33.83701,-118.38082
"604",86589,1.458,34.21943,-118.21151
"605",86753,6.249,33.793392,-118.3877
"606",8690,9.951,33.80174,-118.34735
"607",86935,9.327,33.893402,-118.39312
"608",87045,1.67,34.16796,-118.4302
"609",87143,4.687,33.324802,-117.24326
"610",87315,48.242,34.141266,-118.109955
"611",87323,42.212,34.17098,-118.28316
"612",87355,9.684,34.14827,-118.5075
"613",87395,2.743,33.60358,-117.81286
"614",87413,6.471,33.92765,-117.84212
"615",87415,38.745,34.191086,-118.13345
"616",87445,13.968,33.577766,-117.70661
"617",87477,10.088,33.918884,-118.32899
"618",87495,11.174,34.144547,-118.421936
"619",87577,14.027,34.162693,-118.103485
"620",87587,5.528,34.025032,-118.45225
"621",87595,3.366,33.62326,-117.84966
"622",87963,6.814,34.088512,-118.433685
"623",88205,2.521,33.61068,-117.65971
"624",88279,6.564,33.824554,-118.11844
"625",88339,9.985,34.13391,-118.16548
"626",88495,3.734,33.880096,-118.39174
"627",88809,32.785,34.073467,-118.19955
"628",8898,54.94,33.971027,-118.2406
"629",89259,1.202,34.030636,-118.50588
"630",89295,8.122,34.067825,-118.25416
"631",89351,30.686,34.137184,-118.23212
"632",8956,47.162,33.77166,-118.12528
"633",89729,42.453,34.19593,-118.11812
"634",8994,13.325,34.108917,-118.26571
"635",8996,10.967,33.837345,-118.38025
"636",90005,21.943,34.051476,-118.247894
"637",90323,8.355,34.097935,-118.38276
"638",9076,67.17,34.036003,-118.191345
"639",90833,5.494,34.11123,-118.2842
"640",91051,31.512,33.903294,-117.511185
"641",91055,9.916,34.28839,-118.44374
"642",9108,55.254,33.975418,-118.196884
"643",91081,16.223,34.200516,-118.17351
"644",9124,63.07,33.86719,-118.15143
"645",9144,55.171,33.814045,-118.00415
"646",9156,63.562,34.151745,-118.21818
"647",9164,11.298,34.196377,-118.65899
"648",9168,13.707,34.09818,-118.28198
"649",9180,4.957,33.761765,-117.49799
"650",9196,10.77,33.799114,-117.527626
"651",92043,11.363,34.043262,-118.57096
"652",9206,9.894,33.747086,-117.46061
"653",9208,16.135,33.75318,-117.468864
"654",92103,9.079,33.7109,-117.78595
"655",92105,52.289,34.10935,-118.14673
"656",92227,25.899,33.49595,-117.67819
"657",9226,30.395,33.99939,-117.416336
"658",9244,10.399,33.96143,-117.6786
"659",92539,7.192,34.029198,-118.46779
"660",9274,8.238,34.133804,-118.47423
"661",9336,4.635,33.76369,-117.4976
"662",9340,3.873,33.718006,-117.42663
"663",9348,34.999,34.09805,-117.49094
"664",9352,6.241,33.73678,-117.446526
"665",9376,10.173,33.784843,-117.50535
"666",93891,18.953,33.781174,-118.3147
"667",94033,18.218,34.19356,-119.2099
"668",94291,45.665,33.7651,-118.12981
"669",94345,1.698,34.13813,-118.009186
"670",94397,28.424,34.067818,-118.25429
"671",94451,9.166,34.06028,-118.340225
"672",94623,5.15,33.915825,-117.847916
"673",95051,35.635,33.757412,-118.12206
"674",95367,20.45,34.13815,-118.00926
"675",95829,11.006,34.299397,-118.85565
"676",96163,4.899,34.00696,-118.80738
"677",96243,14.792,34.02364,-118.289246
"678",96273,7.29,34.078327,-118.46884
"679",96423,14.162,34.110096,-118.266495
"680",96487,36.787,34.12905,-118.16779
"681",96611,23.927,34.162804,-118.10349
"682",96771,74.995,33.827248,-118.175415
"683",96837,35.368,34.110126,-118.21719
"684",96903,8.453,34.225033,-118.50938
"685",96935,9.604,33.752266,-118.32161
"686",97025,3.359,33.798706,-118.40046
"687",97109,5.774,33.590275,-117.21733
"688",97371,12.61,33.597713,-117.733864
"689",97411,5.494,34.04771,-118.51639
"690",97711,61.747,33.882668,-118.16321
"691",98159,8.037,34.2283,-118.50225
"692",98173,9.512,34.18783,-117.40002
"693",98179,76.91,34.10715,-118.20404
"694",98643,11.623,34.255367,-118.42416
"695",98725,78.242,33.864075,-118.25733
"696",98775,68.529,33.86035,-118.25132
"697",99139,27.818,34.227432,-118.37013
"698",99315,17.708,34.135406,-118.21423
"699",99345,11.681,34.229027,-118.4006
"700",99423,6.015,34.228527,-118.3938
"701",10204,8.652,33.72064,-117.41661
"702",10874,10.538,34.154896,-118.56879
"703",11658,2.712,34.22814,-118.84939
"704",12032,6.722,33.486786,-117.7024
"705",12064,21.541,33.83429,-117.54079
"706",12216,24.758,33.770374,-118.08684
"707",12272,46.465,34.082874,-118.189514
"708",12669,8.534,33.7959,-118.34845
"709",12743,8.28,34.27632,-118.68369
"710",12865,14.499,34.136147,-117.65941
"711",13967,11.957,34.10658,-118.32689
"712",14489,11.32,33.810497,-118.380844
"713",14859,20.354,34.042713,-118.47522
"714",15237,2.372,33.571865,-117.67552
"715",15901,7.258,34.14978,-118.383026
"716",15975,5.649,33.820885,-117.13215
"717",9382,6.226,33.762123,-117.499565
"718",9386,14.54,33.79931,-117.52976
"719",9390,10.709,33.719944,-117.42265
"720",9398,8.006,33.746395,-117.46041
"721",9408,7.707,33.73609,-117.44975
"722",9472,31.243,33.77218,-118.09454
"723",9594,7.816,34.25239,-119.14318
"724",9678,3.811,33.81009,-118.372284
"725",9826,13.052,33.81016,-118.37255
